<?xml version="1.0" encoding="UTF-8" standalone="yes"?>
<addon id="plugin.video.DemoBoxino"
	name="Boxino Demo"
	version="1.0"
	provider-name="Boxino.ca">
  <requires>
    <import addon="xbmc.python" version="2.1.0"/>
  <import addon="script.common.plugin.cache" version="0.9.1"/>
  </requires>
  <extension point="xbmc.python.pluginsource" library="default.py">
    <provides>video</provides>
  </extension>
  <extension point="xbmc.addon.metadata">
    <summary lang="en">Boxino Demo</summary>
    <description lang="en">Provided for Free by www.boxino.ca</description>
    <platform>all</platform>
  </extension>
</addon>
